voltage,current,temperature,resistance,frequency,power,fault
224.71,8.76,31.37,24.22,50.32,1968.96,0.0
232.57,8.96,40.26,23.91,49.67,2084.92,0.0
249.26,8.8,40.09,23.9,50.87,2194.05,0.0
239.16,19.43,65.52,22.81,49.3,4647.57,1.0
238.52,16.41,48.98,23.36,49.78,3913.18,1.0
225.58,10.37,35.98,19.95,49.99,2338.5,0.0
229.19,9.98,36.24,25.84,50.55,2287.58,0.0
247.95,11.24,55.61,23.71,50.17,2786.2,1.0
246.29,17.42,62.58,18.2,51.18,4291.45,1.0
235.42,9.01,32.89,20.5,50.06,2122.1,0.0
220.32,14.16,47.87,18.25,49.63,3118.89,1.0
249.72,18.26,51.89,23.96,50.08,4559.45,1.0
226.62,10.75,38.5,23.19,50.25,2435.5,0.0
223.4,11.35,34.84,23.29,49.28,2536.43,0.0
230.85,14.22,31.48,18.06,52.55,3283.05,1.0
228.45,9.41,33.7,22.04,50.59,2149.39,0.0
201.13,12.14,49.64,24.93,49.39,2441.77,1.0
232.8,10.96,38.15,23.7,49.79,2550.4,0.0
237.49,11.46,76.15,13.36,49.34,2722.36,1.0
233.4,11.12,32.67,24.52,51.11,2595.29,0.0
232.71,10.77,32.51,24.4,49.73,2507.4,0.0
235.44,9.75,34.45,19.22,49.94,2295.81,0.0
229.64,8.62,33.88,24.42,49.89,1979.44,0.0
228.5,10.79,37.31,21.95,49.79,2465.95,0.0
225.4,14.77,41.01,16.99,50.67,3328.43,1.0
237.92,18.32,54.56,16.25,49.11,4359.05,1.0
230.15,22.77,52.64,15.07,49.1,5240.14,1.0
217.73,11.97,46.78,19.77,50.65,2606.36,1.0
248.48,16.23,50.23,17.13,50.02,4032.74,1.0
244.49,13.79,57.24,18.28,47.86,3371.28,1.0
233.44,20.51,58.26,23.02,50.04,4788.88,1.0
239.48,10.12,39.51,23.37,50.28,2422.54,0.0
229.64,10.68,28.89,23.53,49.35,2453.0,0.0
240.05,6.24,39.95,20.9,49.63,1496.91,1.0
219.79,14.44,52.93,15.2,47.62,3173.5,1.0
245.88,19.87,53.0,21.92,49.22,4886.57,1.0
222.25,9.16,29.92,28.05,50.16,2035.84,0.0
242.77,18.49,60.67,15.31,51.17,4487.73,1.0
231.25,8.41,40.55,23.74,49.5,1943.81,0.0
224.61,10.31,36.04,18.15,49.93,2316.02,0.0
227.65,10.44,35.15,21.28,50.52,2377.56,0.0
222.88,10.01,36.71,24.95,51.07,2231.04,0.0
258.94,20.13,58.46,22.06,46.12,5212.91,1.0
228.65,14.11,58.58,18.15,51.01,3227.09,1.0
233.17,8.58,36.42,20.68,50.82,2000.07,0.0
239.59,15.9,63.26,19.31,48.2,3808.59,1.0
231.64,9.68,32.45,21.0,50.12,2241.99,0.0
232.02,9.0,40.63,21.86,49.48,2087.6,0.0
218.79,14.63,48.25,19.42,50.79,3202.0,1.0
228.7,11.8,54.88,15.6,50.55,2698.05,1.0
217.82,15.97,57.31,19.01,46.34,3478.36,1.0
262.96,15.6,60.67,20.0,48.56,4102.64,1.0
236.86,8.48,59.17,22.65,49.72,2009.08,1.0
265.05,16.0,53.42,18.69,47.86,4239.7,1.0
236.54,10.49,40.01,24.01,50.69,2481.71,0.0
230.92,15.2,41.53,22.15,48.38,3510.74,1.0
242.13,18.27,44.44,20.55,47.37,4422.73,1.0
231.25,15.97,54.15,24.12,48.74,3693.84,1.0
231.35,13.55,63.0,16.43,50.82,3135.23,1.0
224.65,9.73,33.43,20.1,50.46,2185.93,0.0
270.84,18.65,34.76,15.18,49.86,5051.62,1.0
243.6,8.24,38.81,22.87,49.45,2007.58,0.0
259.53,12.13,48.52,20.31,48.65,3149.25,1.0
230.55,10.46,29.59,19.86,50.22,2412.09,0.0
227.9,11.48,32.23,21.89,48.55,2615.2,0.0
246.67,13.69,64.07,19.26,48.69,3377.77,1.0
224.29,8.94,34.45,23.49,50.68,2005.29,0.0
270.09,15.72,63.56,20.31,50.22,4244.52,1.0
231.04,9.85,32.42,24.67,49.39,2275.37,0.0
236.78,10.02,33.78,20.03,49.44,2372.79,0.0
246.84,8.63,60.1,21.49,47.32,2131.31,1.0
232.37,11.63,34.28,20.96,49.51,2702.1,0.0
224.69,7.88,34.53,22.02,50.81,1769.67,0.0
227.41,12.23,56.91,20.46,48.93,2781.88,1.0
239.86,12.59,59.07,22.62,48.73,3019.99,1.0
270.2,14.76,51.51,20.52,46.76,3988.45,1.0
241.14,14.42,60.94,17.71,49.61,3477.0,1.0
227.48,9.19,38.28,25.38,50.16,2090.95,0.0
252.58,13.63,60.37,20.46,47.79,3442.3,1.0
225.92,11.76,28.78,20.95,50.14,2655.78,0.0
232.41,10.72,36.47,18.6,49.21,2490.89,0.0
229.93,11.59,34.8,23.76,50.2,2664.0,0.0
207.71,6.38,65.72,14.69,51.13,1325.84,1.0
234.52,11.81,54.29,19.33,48.87,2770.34,1.0
221.85,12.8,54.21,19.58,50.04,2838.9,1.0
233.96,10.02,32.63,22.65,50.55,2345.29,0.0
227.77,10.38,33.92,20.44,50.05,2365.15,0.0
252.5,13.35,60.42,19.57,51.27,3370.02,1.0
254.94,16.02,54.14,16.22,51.51,4082.99,1.0
233.43,8.48,30.96,24.68,50.32,1980.62,0.0
231.16,10.05,31.68,25.56,49.34,2322.47,0.0
248.8,12.97,54.77,20.06,48.65,3226.07,1.0
221.38,9.75,33.27,25.3,50.87,2157.84,0.0
231.31,8.59,32.06,27.91,49.0,1987.5,0.0
234.26,10.88,38.04,23.05,50.81,2549.16,0.0
234.01,14.09,61.9,22.68,47.85,3297.24,1.0
249.14,16.75,68.56,20.83,48.27,4172.12,1.0
234.06,11.31,38.6,25.06,49.82,2646.19,0.0
228.66,12.52,42.89,19.09,49.38,2862.72,1.0
242.72,17.61,57.15,26.07,47.06,4275.16,1.0
258.42,14.49,59.09,14.32,47.12,3744.29,1.0
262.93,17.52,53.65,19.3,49.59,4606.97,1.0
227.35,10.41,37.49,24.97,49.87,2367.39,0.0
223.62,14.32,50.02,24.08,47.99,3202.29,1.0
233.69,9.79,37.51,23.86,50.84,2288.29,0.0
220.41,10.52,36.96,23.41,49.9,2318.53,0.0
210.37,14.89,58.54,19.05,50.0,3133.03,1.0
235.42,16.55,49.25,19.6,48.07,3895.71,1.0
237.33,11.44,29.99,24.42,50.26,2715.34,0.0
242.0,15.42,43.75,22.42,46.41,3732.33,1.0
226.52,16.1,42.33,17.54,53.66,3647.49,1.0
262.07,20.62,65.48,20.07,50.68,5403.81,1.0
226.44,16.89,53.59,13.99,49.48,3825.15,1.0
237.99,17.22,60.25,22.23,47.82,4097.33,1.0
257.95,16.54,59.75,18.92,50.61,4266.31,1.0
240.32,15.54,54.59,21.46,47.96,3734.26,1.0
242.23,16.29,50.1,18.35,50.34,3945.07,1.0
235.16,11.98,45.45,23.84,50.22,2817.3,1.0
240.22,16.85,56.56,19.46,46.93,4046.78,1.0
228.68,11.06,37.81,26.13,49.51,2528.8,0.0
220.43,8.98,32.28,22.81,49.66,1978.53,0.0
231.3,11.18,34.26,25.76,49.91,2585.8,0.0
245.92,15.57,53.79,19.8,49.06,3829.34,1.0
217.12,17.85,49.87,18.78,49.04,3875.71,1.0
230.86,9.51,31.61,23.42,49.77,2194.76,0.0
233.79,9.78,38.31,25.88,50.62,2286.29,0.0
234.18,12.52,54.73,18.64,49.01,2931.25,1.0
237.62,11.03,36.69,25.11,49.68,2621.48,0.0
221.18,10.63,33.19,23.06,50.69,2351.11,0.0
227.67,9.94,34.85,23.24,50.1,2263.16,0.0
231.62,9.17,35.26,24.88,49.69,2124.19,0.0
248.08,12.85,55.6,17.69,50.85,3187.73,1.0
255.36,15.57,53.7,19.43,50.19,3975.65,1.0
233.57,10.07,37.14,22.0,50.47,2353.01,0.0
251.02,14.22,55.78,21.77,46.59,3570.37,1.0
234.41,13.95,43.96,22.37,51.58,3270.47,1.0
231.71,10.97,33.89,21.6,49.97,2542.18,0.0
225.9,11.28,33.37,26.15,49.18,2547.59,0.0
227.57,9.47,33.91,22.92,49.58,2155.0,0.0
229.83,19.24,55.05,20.15,47.61,4421.24,1.0
257.79,15.58,64.38,20.06,48.18,4017.11,1.0
242.88,13.53,51.57,20.63,50.0,3287.01,1.0
228.77,11.18,27.05,22.11,50.3,2557.52,0.0
235.02,9.69,31.98,24.78,50.58,2277.26,0.0
219.5,15.06,62.76,15.34,50.04,3306.14,1.0
270.92,17.93,54.79,17.3,48.58,4856.45,1.0
265.09,17.09,53.9,20.0,50.33,4530.14,1.0
222.43,9.94,36.33,21.87,49.52,2211.9,0.0
236.68,17.99,63.81,26.07,50.69,4259.06,1.0
257.95,14.46,65.43,22.22,48.06,3729.56,1.0
230.03,9.28,33.67,21.72,50.46,2135.0,0.0
226.35,9.87,35.59,24.57,49.72,2234.53,0.0
242.32,10.4,31.62,26.59,50.25,2520.5,0.0
225.43,17.96,67.79,17.51,47.49,4048.01,1.0
242.41,11.78,53.97,20.98,50.05,2856.44,1.0
264.11,15.6,58.74,19.2,50.24,4121.04,1.0
212.46,16.54,52.53,21.18,50.18,3514.21,1.0
232.37,9.86,34.93,24.49,51.13,2290.61,0.0
230.77,9.06,31.25,21.62,50.28,2090.79,0.0
213.59,14.28,66.0,21.42,51.23,3049.24,1.0
239.77,14.12,53.93,18.37,47.46,3386.65,1.0
226.42,13.08,33.38,19.83,50.48,2961.37,0.0
236.63,12.82,58.42,22.45,48.41,3032.63,1.0
221.96,8.68,34.22,25.13,49.92,1926.58,0.0
228.04,9.53,38.11,23.33,50.37,2172.98,0.0
278.37,14.49,61.03,21.75,47.97,4034.61,1.0
237.41,15.34,46.15,27.24,48.77,3641.76,1.0
251.3,17.02,37.91,24.45,48.13,4276.56,1.0
235.46,13.9,55.87,19.56,49.07,3272.68,1.0
230.49,9.18,35.21,22.9,49.96,2115.34,0.0
226.99,10.11,36.92,23.36,49.87,2295.68,0.0
229.42,9.41,36.59,23.54,50.54,2159.0,0.0
226.73,9.81,32.73,24.28,49.62,2224.18,0.0
254.01,21.17,48.07,16.78,47.71,5378.12,1.0
224.25,10.2,30.12,21.55,50.02,2287.09,0.0
225.77,8.3,37.13,23.49,50.28,1873.09,0.0
230.93,8.92,37.95,24.75,49.72,2059.56,0.0
230.8,15.53,45.85,18.48,49.75,3584.15,1.0
216.9,8.99,37.49,22.11,50.5,1950.81,0.0
258.2,13.88,49.06,10.94,47.37,3584.64,1.0
254.35,14.56,61.08,21.52,47.53,3702.63,1.0
234.33,9.14,35.08,21.64,49.49,2141.46,0.0
230.44,11.16,35.71,26.16,49.22,2571.22,0.0
226.19,9.4,42.18,17.18,47.39,2126.27,1.0
239.33,8.93,35.04,20.28,49.66,2137.78,0.0
227.64,11.64,35.51,22.11,49.91,2650.86,0.0
234.66,10.12,33.76,22.38,49.66,2374.1,0.0
223.45,19.56,52.71,20.55,48.91,4371.6,1.0
234.14,11.37,32.67,19.95,49.86,2661.8,0.0
238.83,9.12,33.17,21.86,50.12,2179.15,0.0
236.27,13.61,57.03,15.73,48.8,3214.72,1.0
254.24,7.91,56.28,23.12,45.77,2011.37,1.0
235.65,15.91,48.63,19.97,51.1,3748.04,1.0
228.83,8.48,33.05,21.1,50.35,1940.62,0.0
230.46,10.62,30.56,22.16,50.75,2448.42,0.0
235.79,8.47,34.9,23.5,49.31,1996.2,0.0
229.96,13.66,50.5,16.46,48.46,3140.85,1.0
230.32,10.58,35.06,22.1,50.02,2436.01,0.0
232.93,12.15,39.78,22.93,50.82,2830.89,0.0
235.68,10.04,34.71,25.66,49.65,2365.09,0.0
235.25,12.12,56.56,16.07,49.05,2851.67,1.0
224.47,10.83,37.61,25.89,50.57,2429.96,0.0
249.94,16.76,57.46,15.21,51.62,4189.07,1.0
232.48,8.74,37.78,21.15,50.7,2031.7,0.0
220.03,10.22,43.34,28.28,49.69,2247.82,1.0
236.24,18.42,56.14,21.67,47.28,4351.41,1.0
225.13,10.71,33.28,22.38,48.75,2411.47,0.0
246.29,17.87,62.62,17.55,48.37,4400.11,1.0
222.45,14.45,49.83,21.13,50.59,3214.67,1.0
222.92,10.31,37.27,21.75,50.5,2298.54,0.0
258.13,16.5,47.95,16.01,48.58,4259.92,1.0
226.77,9.87,33.95,25.13,50.17,2238.23,0.0
235.71,10.1,36.44,24.32,50.1,2380.16,0.0
262.36,15.19,57.3,13.11,48.46,3983.96,1.0
244.01,17.3,63.61,19.02,49.98,4220.96,1.0
226.14,10.61,35.34,21.65,49.66,2400.24,0.0
245.61,14.99,40.35,19.08,48.98,3681.68,1.0
258.28,18.45,56.87,21.8,48.89,4764.24,1.0
237.82,12.09,34.34,22.27,49.36,2875.85,0.0
238.94,15.88,53.2,20.27,49.69,3794.57,1.0
225.4,9.24,31.96,24.36,49.88,2082.92,0.0
228.83,9.79,36.13,21.94,50.17,2239.43,0.0
231.47,9.55,42.72,23.38,50.82,2210.48,0.0
231.21,6.76,34.28,28.12,51.04,1562.69,0.0
222.06,17.13,53.44,26.3,50.02,3803.55,1.0
253.79,12.0,52.45,20.0,49.63,3046.66,1.0
232.61,9.89,34.31,25.41,50.8,2299.45,0.0
201.69,16.86,65.13,22.01,48.28,3400.0,1.0
229.43,11.48,31.16,18.92,49.9,2633.8,0.0
240.16,17.21,52.85,20.8,50.0,4133.2,1.0
240.42,17.74,57.14,18.57,49.91,4265.28,1.0
231.54,15.21,64.51,25.93,48.26,3521.7,1.0
265.9,14.94,49.99,14.09,51.99,3973.08,1.0
229.42,15.27,67.9,21.98,45.09,3502.22,1.0
244.63,16.05,40.82,25.41,47.63,3926.81,1.0
232.06,9.25,35.32,23.56,51.22,2146.94,0.0
246.9,15.07,59.37,20.49,46.23,3721.43,1.0
220.2,10.59,33.85,23.92,49.27,2331.56,0.0
232.52,10.08,33.13,22.51,49.71,2343.24,0.0
236.86,18.24,66.17,21.64,51.17,4320.36,1.0
230.3,9.89,35.84,26.1,50.44,2277.96,0.0
226.73,18.45,51.71,19.43,50.85,4182.07,1.0
258.54,20.56,59.41,16.28,48.88,5316.2,1.0
237.84,18.49,66.29,23.61,48.42,4398.64,1.0
253.99,10.15,59.1,22.19,50.29,2578.26,1.0
232.57,9.44,32.43,22.57,49.9,2194.56,0.0
248.07,14.28,39.17,22.96,50.57,3543.3,1.0
231.72,14.69,61.4,20.32,48.98,3403.22,1.0
237.27,10.69,40.26,23.75,49.95,2535.45,0.0
229.31,10.92,40.73,20.3,50.46,2503.56,0.0
228.82,10.76,35.45,26.6,50.14,2461.49,0.0
228.9,9.99,36.02,20.31,49.83,2286.21,0.0
220.06,10.63,38.43,22.44,50.43,2338.9,0.0
247.62,13.4,48.98,18.47,48.62,3318.58,1.0
236.8,11.95,62.63,15.67,46.72,2830.34,1.0
235.36,11.64,49.46,18.53,49.69,2739.9,1.0
230.35,18.89,40.59,24.74,50.53,4351.49,1.0
246.55,16.31,50.61,21.87,49.74,4021.22,1.0
220.66,7.7,29.87,21.64,50.15,1698.69,0.0
243.61,16.9,47.75,22.16,48.9,4118.05,1.0
238.19,13.39,63.99,24.26,48.65,3189.81,1.0
228.23,12.19,54.85,18.05,49.46,2782.92,1.0
245.9,19.63,54.7,23.72,47.28,4826.95,1.0
235.85,13.71,70.67,20.02,48.5,3232.33,1.0
233.84,9.29,32.41,23.37,50.32,2172.89,0.0
227.19,8.75,37.27,21.59,50.1,1988.4,0.0
233.06,10.61,35.76,22.08,50.13,2472.84,0.0
238.33,19.54,72.37,19.21,46.33,4657.08,1.0
226.23,10.07,38.27,23.39,50.43,2277.59,0.0
239.91,19.98,53.72,18.43,49.13,4794.29,1.0
267.39,17.56,48.55,22.15,49.39,4694.92,1.0
224.02,10.81,34.02,23.39,49.13,2422.43,0.0
228.42,9.89,34.89,22.82,49.85,2258.58,0.0
250.84,14.33,47.23,17.95,48.09,3594.38,1.0
242.54,14.75,53.03,22.49,50.02,3577.95,1.0
234.84,10.24,33.57,24.35,49.98,2405.66,0.0
244.24,18.56,42.98,24.6,48.45,4533.81,1.0
229.98,14.7,70.21,22.48,50.58,3380.58,1.0
248.12,13.06,45.45,17.39,50.03,3241.0,1.0
228.49,10.85,39.32,20.45,49.98,2479.07,0.0
234.28,9.97,38.48,24.74,49.33,2335.16,0.0
232.85,11.96,35.63,24.29,49.38,2786.04,0.0
247.62,16.64,51.22,21.4,47.01,4120.41,1.0
232.02,8.62,30.78,24.15,49.22,1999.41,0.0
248.34,14.65,72.85,20.74,51.31,3637.19,1.0
247.3,10.93,49.8,20.59,51.51,2703.02,1.0
225.91,10.15,46.28,21.85,47.36,2294.03,1.0
263.42,16.27,58.39,24.65,47.61,4286.1,1.0
222.99,10.96,39.04,21.54,49.43,2443.82,0.0
224.04,10.12,35.59,24.29,50.49,2267.39,0.0
237.62,24.58,41.7,18.46,51.3,5840.59,1.0
221.86,13.64,65.99,20.64,49.55,3026.18,1.0
244.83,18.68,55.17,20.47,46.75,4573.54,1.0
244.03,13.49,50.03,16.23,49.51,3290.89,1.0
222.68,10.23,33.47,23.98,49.96,2278.5,0.0
239.43,9.98,32.68,21.34,50.31,2389.88,0.0
240.86,12.0,48.7,17.57,49.83,2890.77,1.0
234.88,9.8,33.74,21.21,49.81,2301.29,0.0
230.34,9.4,39.59,21.94,50.21,2165.36,0.0
242.75,14.24,57.08,21.81,49.61,3457.48,1.0
231.66,10.55,36.18,25.51,50.27,2443.3,0.0
230.98,9.38,33.27,19.68,50.52,2166.01,0.0
242.56,15.26,53.34,24.36,48.01,3701.03,1.0
225.71,7.96,31.61,26.76,50.7,1796.86,0.0
233.24,12.12,30.8,21.05,50.03,2827.35,0.0
242.77,16.28,52.04,24.47,46.83,3953.49,1.0
259.92,18.95,68.86,16.67,50.23,4925.89,1.0
237.01,11.45,40.65,20.24,50.32,2714.08,0.0
241.57,9.72,35.92,23.26,49.41,2349.29,0.0
222.94,10.13,37.25,26.62,50.21,2258.53,0.0
252.91,12.29,51.28,19.46,48.96,3107.95,1.0
231.79,9.1,33.75,21.16,49.83,2109.89,0.0
229.61,9.75,33.97,23.27,50.05,2238.98,0.0
231.72,10.81,36.11,23.06,50.74,2505.54,0.0
230.23,20.82,52.04,18.01,49.4,4792.64,1.0
231.51,9.6,35.39,22.22,50.18,2222.19,0.0
230.41,9.42,34.83,20.14,51.07,2171.42,0.0
277.39,20.32,55.92,18.77,50.47,5635.77,1.0
228.88,11.5,31.33,23.88,49.51,2632.69,0.0
246.0,15.38,59.97,20.57,48.25,3783.2,1.0
235.27,10.5,30.77,25.89,50.27,2471.28,0.0
245.72,20.7,80.1,21.07,49.36,5086.26,1.0
228.87,8.56,36.63,21.88,49.71,1960.08,0.0
237.75,10.15,30.04,26.69,50.48,2413.25,0.0
221.94,11.37,37.23,21.69,50.21,2522.72,0.0
223.77,9.91,36.85,22.8,50.16,2217.77,0.0
250.17,16.45,62.72,21.32,47.55,4116.33,1.0
233.91,9.53,34.18,24.3,50.01,2229.35,0.0
231.08,9.04,32.06,23.85,49.32,2090.01,0.0
225.8,11.28,33.54,23.44,49.99,2546.54,0.0
228.54,9.61,32.29,24.24,49.49,2197.36,0.0
233.13,8.82,37.17,21.89,50.09,2055.43,0.0
234.07,10.95,31.13,24.18,50.3,2563.14,0.0
256.37,18.66,55.35,20.18,49.52,4784.65,1.0
248.05,15.98,52.33,24.98,49.27,3963.19,1.0
262.52,18.95,45.99,19.05,50.24,4975.49,1.0
230.29,9.49,37.77,22.91,50.11,2184.57,0.0
230.23,8.39,36.22,21.07,49.96,1932.43,0.0
252.24,14.93,58.97,18.93,47.47,3765.23,1.0
227.24,17.54,60.16,18.64,47.14,3986.34,1.0
227.49,9.85,35.74,23.47,50.22,2241.46,0.0
230.91,18.09,50.26,21.78,48.93,4177.21,1.0
240.85,17.38,53.95,22.9,49.66,4186.64,1.0
213.59,11.8,59.13,17.14,48.93,2519.61,1.0
233.76,9.23,35.67,27.02,50.53,2156.9,0.0
229.82,9.18,35.98,27.6,50.04,2110.16,0.0
226.43,10.62,35.18,23.09,50.5,2405.31,0.0
247.12,14.19,62.16,20.58,50.33,3505.81,1.0
231.81,15.37,66.14,17.3,48.45,3562.4,1.0
230.92,11.83,30.49,25.34,50.06,2732.16,0.0
221.64,14.64,57.28,21.81,50.11,3244.49,1.0
229.83,10.22,35.33,23.57,51.2,2349.77,0.0
227.0,10.07,35.78,22.85,50.31,2285.81,0.0
232.58,9.89,31.16,23.69,49.65,2300.86,0.0
210.09,12.55,49.77,17.62,46.82,2635.71,1.0
244.96,17.34,33.37,17.97,48.81,4246.46,1.0
227.28,9.02,32.71,24.24,50.86,2049.71,0.0
225.55,12.06,38.74,25.15,50.38,2720.33,0.0
219.42,17.76,52.54,19.94,49.24,3896.42,1.0
229.07,11.1,41.23,22.12,48.58,2542.42,0.0
226.04,9.99,29.48,23.42,49.81,2258.57,0.0
231.07,7.93,31.76,24.3,49.7,1832.98,0.0
256.29,19.48,42.35,20.79,49.8,4992.0,1.0
228.29,10.86,37.61,21.73,51.04,2478.66,0.0
226.0,12.74,64.01,17.02,46.44,2880.3,1.0
248.83,14.73,55.72,20.8,50.33,3664.85,1.0
237.9,11.27,33.22,23.99,50.45,2680.35,0.0
248.05,14.32,40.57,15.96,51.99,3552.18,1.0
215.8,13.0,61.24,19.21,49.75,2804.4,1.0
240.97,16.4,56.35,18.15,48.99,3951.69,1.0
228.97,11.93,55.99,21.91,48.24,2730.99,1.0
231.81,10.1,35.06,21.97,49.98,2340.55,0.0
224.94,11.63,36.5,22.93,49.67,2616.55,0.0
237.71,9.69,54.34,17.08,47.98,2304.55,1.0
226.69,16.1,48.82,14.4,46.99,3650.09,1.0
227.17,10.18,34.62,23.45,49.62,2313.33,0.0
231.29,13.39,59.44,18.59,50.3,3097.93,1.0
250.1,12.08,56.79,20.0,49.71,3020.28,1.0
237.2,13.41,47.1,22.78,47.35,3181.46,1.0
224.0,11.52,36.55,21.0,49.68,2581.16,0.0
235.29,10.31,34.39,24.36,49.21,2425.16,0.0
223.11,9.47,30.33,22.84,50.02,2112.81,0.0
257.6,13.58,51.87,21.39,51.07,3497.02,1.0
226.49,10.24,36.44,20.75,50.36,2320.38,0.0
251.13,14.0,54.79,18.94,49.05,3514.75,1.0
250.78,13.94,57.96,20.69,48.59,3496.06,1.0
247.36,15.85,63.69,18.71,48.34,3920.7,1.0
251.39,12.6,62.35,23.38,46.95,3168.09,1.0
242.05,16.36,54.12,20.73,48.02,3959.21,1.0
249.0,12.57,55.15,18.65,50.27,3129.73,1.0
230.87,8.7,36.78,26.69,49.2,2007.5,0.0
225.46,9.56,35.3,21.75,49.84,2155.39,0.0
256.09,13.9,60.98,19.77,50.75,3559.5,1.0
231.38,10.65,30.78,25.39,49.62,2463.16,0.0
259.35,14.6,63.45,19.06,49.75,3787.0,1.0
241.79,17.65,61.35,20.12,46.72,4267.5,1.0
237.69,10.6,40.03,25.82,50.24,2518.36,0.0
231.73,9.4,38.38,22.21,48.92,2178.43,0.0
232.68,12.46,67.92,20.06,47.56,2899.43,1.0
258.01,18.56,59.49,19.69,49.31,4789.15,1.0
263.13,12.22,57.81,24.85,47.12,3214.93,1.0
223.82,8.29,26.91,22.67,49.45,1854.73,0.0
225.05,10.87,32.03,21.96,50.15,2446.79,0.0
234.53,13.82,46.42,19.04,48.66,3242.25,1.0
227.7,10.9,36.73,22.92,50.33,2481.8,0.0
244.61,16.21,45.16,19.43,49.85,3965.44,1.0
234.11,11.55,34.24,24.22,50.69,2704.24,0.0
225.31,9.21,36.82,25.23,50.02,2074.47,0.0
227.68,9.07,35.81,21.85,50.66,2065.78,0.0
231.88,9.4,35.14,22.5,50.06,2179.61,0.0
218.72,11.84,60.8,20.04,48.42,2589.47,1.0
231.79,9.94,33.43,22.52,50.06,2303.36,0.0
233.94,8.88,33.36,23.44,51.15,2076.26,0.0
229.04,10.69,42.34,21.77,50.08,2448.45,0.0
228.39,11.88,35.22,22.28,49.39,2712.4,0.0
225.45,10.5,36.41,21.4,50.59,2366.81,0.0
253.92,14.93,50.66,16.95,49.41,3791.34,1.0
240.72,9.24,38.09,22.99,49.6,2225.13,0.0
240.95,9.23,33.47,26.59,49.43,2224.63,0.0
232.58,9.45,28.75,24.14,49.3,2196.99,0.0
232.07,12.0,58.02,21.28,49.44,2784.62,1.0
223.45,11.49,57.55,19.92,48.1,2567.49,1.0
228.33,10.54,32.82,22.44,49.39,2406.32,0.0
279.03,18.33,49.77,16.12,47.93,5114.28,1.0
228.36,9.49,36.0,23.76,50.03,2167.85,0.0
231.57,8.57,32.07,26.54,49.76,1984.53,0.0
230.87,9.71,31.27,23.94,49.47,2242.09,0.0
232.37,9.47,33.72,25.09,50.23,2201.51,0.0
225.96,10.98,35.55,22.93,50.19,2479.91,0.0
225.99,9.84,39.07,25.38,49.93,2223.74,0.0
227.63,8.96,35.56,26.6,50.02,2040.15,0.0
224.3,16.74,60.58,19.47,47.92,3754.47,1.0
222.61,10.36,27.59,20.84,49.91,2305.55,0.0
218.67,15.51,42.43,18.87,47.05,3390.61,1.0
229.87,11.53,34.83,19.97,50.11,2651.0,0.0
265.68,10.69,53.28,22.35,48.18,2838.79,1.0
226.4,9.31,32.61,25.11,50.44,2107.13,0.0
233.28,10.51,34.57,27.33,49.84,2452.84,0.0
231.14,9.1,33.99,24.64,49.85,2103.72,0.0
258.57,16.54,64.01,18.08,47.82,4277.26,1.0
234.82,10.33,32.86,22.81,50.51,2426.2,0.0
226.69,11.69,40.0,22.56,50.28,2649.37,0.0
228.21,13.6,55.66,23.18,48.3,3104.09,1.0
233.26,10.21,36.2,24.42,50.45,2382.48,0.0
272.36,13.07,45.13,22.02,49.52,3559.56,1.0
260.85,7.73,67.9,21.17,49.35,2015.68,1.0
272.48,13.18,59.01,23.42,47.62,3590.28,1.0
234.11,8.79,28.37,25.91,49.75,2056.84,0.0
234.58,9.17,33.62,26.1,50.52,2152.13,0.0
210.5,14.03,47.64,26.27,49.77,2954.02,1.0
248.37,11.57,68.12,15.18,49.66,2874.92,1.0
224.16,10.01,37.18,23.67,49.97,2244.39,0.0
224.33,19.85,71.59,17.49,46.7,4452.04,1.0
231.48,11.24,37.09,21.37,49.58,2601.39,0.0
223.36,10.28,38.02,22.86,50.11,2296.35,0.0
234.11,12.13,33.04,24.12,49.76,2840.5,0.0
248.89,18.0,49.04,22.76,49.51,4480.76,1.0
228.83,9.52,33.54,28.26,50.2,2177.49,0.0
226.08,10.34,37.47,24.17,50.59,2338.1,0.0
224.02,15.2,37.79,12.68,50.26,3405.37,1.0
234.77,9.3,33.37,23.39,49.64,2183.43,0.0
233.35,13.72,46.27,12.31,47.33,3201.79,1.0
231.48,8.55,34.19,23.58,50.04,1979.6,0.0
234.94,17.08,57.89,16.34,49.86,4012.68,1.0
241.23,13.19,56.71,17.53,47.75,3182.6,1.0
248.37,17.65,62.17,19.69,49.75,4384.21,1.0
248.69,10.31,61.49,19.51,46.97,2564.09,1.0
230.07,9.04,31.67,21.88,49.15,2078.65,0.0
229.63,9.17,39.49,24.27,50.96,2106.32,0.0
223.9,8.05,35.14,25.16,50.79,1801.89,0.0
240.48,21.19,51.21,16.28,50.34,5095.19,1.0
212.97,19.12,69.2,17.29,49.93,4072.98,1.0
235.15,9.98,36.01,22.13,49.72,2346.63,0.0
239.26,10.66,30.02,20.33,49.17,2551.04,0.0
254.88,14.39,54.51,17.4,47.5,3667.47,1.0
239.62,14.94,51.14,22.55,48.52,3579.01,1.0
219.87,9.35,35.77,26.01,50.84,2056.58,0.0
243.37,17.4,62.63,16.37,48.18,4234.6,1.0
257.86,17.71,55.74,16.58,48.21,4567.16,1.0
228.07,9.44,34.53,21.97,50.2,2152.98,0.0
255.6,18.84,53.33,23.34,47.01,4816.26,1.0
230.86,10.31,53.31,24.27,48.16,2380.68,1.0
227.6,9.78,35.87,22.63,50.39,2226.5,0.0
274.79,20.65,50.11,25.4,50.02,5675.45,1.0
226.6,10.01,34.19,23.06,49.68,2267.19,0.0
230.34,11.16,33.01,24.26,49.99,2571.3,0.0
226.74,10.2,29.89,22.9,51.29,2313.55,0.0
252.27,12.76,56.17,19.59,51.69,3218.51,1.0
250.62,15.97,42.96,21.43,50.79,4002.3,1.0
220.55,10.96,52.25,15.91,50.03,2417.66,1.0
223.85,9.42,31.11,25.22,50.35,2109.32,0.0
231.93,10.67,34.07,20.86,50.22,2474.58,0.0
230.5,12.19,35.17,22.97,49.97,2809.73,0.0
231.81,10.32,29.39,23.16,49.77,2393.23,0.0
265.53,16.47,65.1,19.43,47.75,4372.68,1.0
245.83,14.92,40.0,17.92,51.61,3667.14,1.0
237.39,10.08,36.9,20.99,49.84,2391.89,0.0
227.41,9.32,41.81,21.46,51.04,2120.09,0.0
237.38,12.37,49.33,18.03,48.42,2935.4,1.0
231.29,10.32,29.66,21.9,49.69,2387.52,0.0
